{
  "architecture": [
    12,
    64,
    64,
    4
  ],
  "hidden_size": 64,
  "num_layers": 2,
  "gamma": 3.0,
  "oversample_target": 100000,
  "scale_bits": 16,
  "early_exit_threshold": 22811,
  "model_memory_bytes": 5984,
  "float": {
    "accuracy": 0.95401802075914,
    "macro_f1": 0.6548407717317448,
    "min_recall": 0.3383742911153119,
    "per_class": {
      "BENIGN": {
        "precision": 0.9862940030813058,
        "recall": 0.9611017364103934,
        "f1": 0.9735349212790465,
        "support": 494238
      },
      "DDOS": {
        "precision": 0.8724997652361725,
        "recall": 0.9233425671730786,
        "f1": 0.8972014508760177,
        "support": 80501
      },
      "PORTSCAN": {
        "precision": 0.5830618892508144,
        "recall": 0.3383742911153119,
        "f1": 0.42822966507177035,
        "support": 529
      },
      "BRUTEFORCE": {
        "precision": 0.205101050216221,
        "recall": 0.7317380352644837,
        "f1": 0.3203970497001447,
        "support": 3176
      }
    }
  },
  "int32": {
    "accuracy": 0.9540232070865978,
    "macro_f1": 0.6548625953638743,
    "min_recall": 0.3383742911153119,
    "per_class": {
      "BENIGN": {
        "precision": 0.9862961078870052,
        "recall": 0.9611057830437967,
        "f1": 0.9735380226325072,
        "support": 494238
      },
      "DDOS": {
        "precision": 0.8724807793884618,
        "recall": 0.923354989379014,
        "f1": 0.8971972769409039,
        "support": 80501
      },
      "PORTSCAN": {
        "precision": 0.5830618892508144,
        "recall": 0.3383742911153119,
        "f1": 0.42822966507177035,
        "support": 529
      },
      "BRUTEFORCE": {
        "precision": 0.20517347929725435,
        "recall": 0.7317380352644837,
        "f1": 0.32048541681031506,
        "support": 3176
      }
    }
  },
  "ternary_int": {
    "accuracy": 0.6777561872886572,
    "macro_f1": 0.34458938785060284,
    "min_recall": 0.10396975425330812,
    "per_class": {
      "BENIGN": {
        "precision": 0.9968455066884866,
        "recall": 0.6297937430954318,
        "f1": 0.7719069400650472,
        "support": 494238
      },
      "DDOS": {
        "precision": 0.40255766317558894,
        "recall": 0.9936149861492404,
        "f1": 0.5729768837885658,
        "support": 80501
      },
      "PORTSCAN": {
        "precision": 0.003921009481713838,
        "recall": 0.10396975425330812,
        "f1": 0.007557021159659247,
        "support": 529
      },
      "BRUTEFORCE": {
        "precision": 0.013728093964501469,
        "recall": 0.23110831234256926,
        "f1": 0.025916706389138993,
        "support": 3176
      }
    }
  },
  "alpha_shifts": [
    14,
    14
  ],
  "train_samples": 400000,
  "test_samples": 578444
}