{
  "architecture": [
    12,
    64,
    64,
    4
  ],
  "num_bins": 64,
  "lut_memory_bytes": 196608,
  "model_params_bytes": 1792,
  "total_memory_bytes": 198400,
  "float": {
    "accuracy": 0.9767393213517643,
    "macro_f1": 0.77156998086232,
    "min_recall": 0.833648393194707,
    "per_class": {
      "BENIGN": {
        "precision": 0.9886255789330358,
        "recall": 0.9842869224948304,
        "f1": 0.9864514801172454,
        "support": 494238
      },
      "DDOS": {
        "precision": 0.95808040316115,
        "recall": 0.9352057738413188,
        "f1": 0.9465049031933619,
        "support": 80501
      },
      "PORTSCAN": {
        "precision": 0.46421052631578946,
        "recall": 0.833648393194707,
        "f1": 0.5963488843813388,
        "support": 529
      },
      "BRUTEFORCE": {
        "precision": 0.4076833187262635,
        "recall": 0.8787783375314862,
        "f1": 0.5569746557573338,
        "support": 3176
      }
    }
  },
  "int32": {
    "accuracy": 0.9767254911452102,
    "macro_f1": 0.7715064228607333,
    "min_recall": 0.833648393194707,
    "per_class": {
      "BENIGN": {
        "precision": 0.9886253940060277,
        "recall": 0.9842707359612171,
        "f1": 0.9864432590928309,
        "support": 494238
      },
      "DDOS": {
        "precision": 0.958031635340977,
        "recall": 0.9352057738413188,
        "f1": 0.9464811043222449,
        "support": 80501
      },
      "PORTSCAN": {
        "precision": 0.46421052631578946,
        "recall": 0.833648393194707,
        "f1": 0.5963488843813388,
        "support": 529
      },
      "BRUTEFORCE": {
        "precision": 0.40744525547445254,
        "recall": 0.8787783375314862,
        "f1": 0.556752443646519,
        "support": 3176
      }
    }
  },
  "ternary_int": {
    "accuracy": 0.8451621937473636,
    "macro_f1": 0.4720606994540957,
    "min_recall": 0.10586011342155009,
    "per_class": {
      "BENIGN": {
        "precision": 0.9901005569939156,
        "recall": 0.8333333333333334,
        "f1": 0.9049780218210743,
        "support": 494238
      },
      "DDOS": {
        "precision": 0.851299187647635,
        "recall": 0.9177525745021801,
        "f1": 0.883277739918463,
        "support": 80501
      },
      "PORTSCAN": {
        "precision": 0.005730072649135373,
        "recall": 0.10586011342155009,
        "f1": 0.010871675402834402,
        "support": 529
      },
      "BRUTEFORCE": {
        "precision": 0.04670500584191918,
        "recall": 0.9691435768261965,
        "f1": 0.08911536067401091,
        "support": 3176
      }
    }
  },
  "maplut_int": {
    "accuracy": 0.7453305765121602,
    "macro_f1": 0.3798140038485669,
    "min_recall": 0.0661625708884688,
    "per_class": {
      "BENIGN": {
        "precision": 0.9972952658611304,
        "recall": 0.7087395141611936,
        "f1": 0.8286144813441928,
        "support": 494238
      },
      "DDOS": {
        "precision": 0.3834760327479533,
        "recall": 0.9908945230494031,
        "f1": 0.5529575687834906,
        "support": 80501
      },
      "PORTSCAN": {
        "precision": 0.027450980392156862,
        "recall": 0.0661625708884688,
        "f1": 0.038802660753880266,
        "support": 529
      },
      "BRUTEFORCE": {
        "precision": 0.058203125,
        "recall": 0.3284005037783375,
        "f1": 0.09888130451270383,
        "support": 3176
      }
    }
  },
  "early_exit_rate": 0.9288453160547953,
  "early_exit_threshold": 27990,
  "exit_alpha_shift": 15,
  "alpha_shifts": [
    14,
    15
  ],
  "bins_vs_accuracy": [
    {
      "bins": 16,
      "accuracy": 0.6626916347995657,
      "lut_memory_bytes": 49152
    },
    {
      "bins": 32,
      "accuracy": 0.666463823637206,
      "lut_memory_bytes": 98304
    },
    {
      "bins": 64,
      "accuracy": 0.4295956047603571,
      "lut_memory_bytes": 196608
    },
    {
      "bins": 128,
      "accuracy": 0.7192053163313994,
      "lut_memory_bytes": 393216
    },
    {
      "bins": 256,
      "accuracy": 0.7603398081750351,
      "lut_memory_bytes": 786432
    }
  ],
  "train_samples": 400000,
  "test_samples": 578444
}